Log_Return,Date
-0.0658546063292888,2000-01-04
0.0245525793053076,2000-01-05
-0.0085312090125206,2000-01-06
0.0124631425662382,2000-01-07
0.042789522379989,2000-01-10
-0.0267317599133622,2000-01-11
0.0026514025776691,2000-01-12
0.0401646201652425,2000-01-13
0.0205980505950709,2000-01-14
0.0221229374751299,2000-01-17
-0.0083435793853841,2000-01-18
-0.0244831724231708,2000-01-19
-0.0169138444910768,2000-01-20
-0.0083599329359991,2000-01-21
-0.0036464193788106,2000-01-24
0.0052302296526942,2000-01-25
0.0025756614367953,2000-01-26
-0.0014040837736448,2000-01-27
-0.0205241567825158,2000-01-28
-0.0208932181887835,2000-01-31
0.0081434664556887,2000-02-01
0.0207255097440004,2000-02-02
0.034322378458329,2000-02-03
0.0268461119505509,2000-02-04
0.0107605453393961,2000-02-07
0.0304272087381747,2000-02-08
-0.0175457304307151,2000-02-09
0.013147761421802,2000-02-10
-0.0284043409590086,2000-02-11
-0.0147069666575649,2000-02-14
0.0057079058159743,2000-02-15
0.0106014924595196,2000-02-16
-0.0073702918766134,2000-02-17
-0.0198860614458258,2000-02-18
0.0042462908814506,2000-02-21
-0.0119925277127279,2000-02-22
0.0194785616033215,2000-02-23
-0.0032014405731022,2000-02-24
0.0006186204960663,2000-02-25
-0.013812843446292,2000-02-28
0.0066471852287648,2000-02-29
0.0164550367128786,2000-03-01
0.003503020068587,2000-03-02
0.0336202806247616,2000-03-03
-0.0234406236486943,2000-03-06
0.0067717670911502,2000-03-07
-0.0022400096781289,2000-03-08
0.0198744797434571,2000-03-09
-0.0200385800638205,2000-03-10
-0.0381927952524563,2000-03-13
-0.0214271344995751,2000-03-14
0.0092475517412964,2000-03-15
0.0148472348213068,2000-03-16
-0.0074531679468119,2000-03-17
0.0008562377438945,2000-03-20
0.0455625376985544,2000-03-21
-0.0015822356466728,2000-03-22
0.0009278210516878,2000-03-23
0.0185921152816526,2000-03-24
0.0146709695657918,2000-03-27
-0.0328812909569631,2000-03-28
-0.0156635336731891,2000-03-29
-0.0227460786934248,2000-03-30
0.0097556247815671,2000-03-31
-0.0327991756538583,2000-04-03
-0.0286464901977101,2000-04-04
-0.0026290646118489,2000-04-05
0.0255182186773197,2000-04-06
0.021235650843467,2000-04-07
-0.0426340917739889,2000-04-10
-0.0146452410503865,2000-04-11
-0.0131460721037584,2000-04-12
-0.0516706181987398,2000-04-13
-0.0466828448074814,2000-04-14
0.0014859847381476,2000-04-17
0.0391791771519454,2000-04-18
-0.0317821963465743,2000-04-19
0.0183881180895042,2000-04-20
-0.0015798831539779,2000-04-21
-0.025691200479045,2000-04-24
0.0402107492106509,2000-04-25
0.0029176277707438,2000-04-26
-0.0003885255504414,2000-04-27
0.0063270919315989,2000-04-28
-0.004084358308031,2000-05-01
0.0031829352864622,2000-05-02
-0.0270966207489564,2000-05-03
-0.0092423943261668,2000-05-04
0.0164307393227947,2000-05-05
-0.0217219341462637,2000-05-08
-0.0209691122238293,2000-05-09
-0.0102013567341572,2000-05-10
0.004493146880975,2000-05-11
-0.0027626234850668,2000-05-12
0.0404595247970345,2000-05-15
0.0199901448765018,2000-05-16
-0.0323537200129795,2000-05-17
-0.0165438718015948,2000-05-18
-0.0207232669937162,2000-05-19
-0.0309047204959824,2000-05-22
-0.0221276951730668,2000-05-23
0.0417312740892441,2000-05-24
0.001410835448464,2000-05-25
0.0247854514479701,2000-05-26
0.0157601761116072,2000-05-29
0.0317127367934038,2000-05-30
-0.0193345094556853,2000-05-31
0.0324295856665646,2000-06-01
0.0487593423043986,2000-06-02
-0.0123431556224105,2000-06-05
-0.0047544662599072,2000-06-06
0.0201751155403684,2000-06-07
0.007774518055104,2000-06-08
-0.0034818763987924,2000-06-09
-0.015105561738423,2000-06-12
0.0158395965156934,2000-06-13
0.0007334963654042,2000-06-14
0.011844521502164,2000-06-15
-0.0082459692366807,2000-06-16
0.0255460924276977,2000-06-19
-0.0003561464986905,2000-06-20
0.0240494903547059,2000-06-21
-0.0158507845949831,2000-06-22
-0.0003337292309062,2000-06-23
-0.0137597805823297,2000-06-26
-0.0140123169470154,2000-06-27
0.0197883773086484,2000-06-28
-0.0261676935750543,2000-06-29
0.0193758890935864,2000-06-30
0.0213510195384394,2000-07-03
0.0110569096662125,2000-07-04
-0.008368736004412,2000-07-05
0.0123540706465465,2000-07-06
0.0143648562749554,2000-07-07
-0.0072424826855801,2000-07-10
-0.0344108704432422,2000-07-11
0.0101374122115256,2000-07-12
-0.0363654722951451,2000-07-13
0.0262280600836195,2000-07-14
0.029591584007294,2000-07-17
-0.0010933050546704,2000-07-18
-0.0257179523959862,2000-07-19
0.0161728592456,2000-07-20
0.0066045081041199,2000-07-21
0.0039188616312628,2000-07-24
-0.0195737336737789,2000-07-25
0.0042142292395865,2000-07-26
-0.0100969451867634,2000-07-27
-0.0276972991448811,2000-07-28
-0.0018821534957318,2000-07-31
-0.0100779597813502,2000-08-01
0.001472212264435,2000-08-02
0.0246417796021436,2000-08-03
0.0023893446645892,2000-08-04
0.0139232631074435,2000-08-07
-0.0065523684150345,2000-08-08
-0.021006787007046,2000-08-09
0.0180411857825539,2000-08-10
0.0327227559908678,2000-08-11
0.0236334353527425,2000-08-14
-0.0037688133486373,2000-08-15
-0.0235506251407731,2000-08-16
0.0212373112759038,2000-08-17
-0.0222186939495596,2000-08-18
-0.0134316058286625,2000-08-21
0.0082199430971421,2000-08-22
0.0130358885863746,2000-08-23
-0.0079975110538441,2000-08-24
0.0189969665513363,2000-08-25
-0.0104265537344723,2000-08-28
-0.0060319010977067,2000-08-29
0.0033938310926746,2000-08-30
-0.0038548996271519,2000-08-31
0.0131716484514896,2000-09-01
0.0020460365193972,2000-09-04
-0.010731309103571,2000-09-05
0.0094246021028787,2000-09-06
-0.0026945499139845,2000-09-07
-0.0062710470744047,2000-09-08
-0.0083523425564937,2000-09-11
-0.0237054207095273,2000-09-12
0.0068473203015759,2000-09-13
-0.0136225750316594,2000-09-14
-0.0123606517949568,2000-09-15
-0.0400349067419689,2000-09-18
0.0171338417855722,2000-09-19
-0.006818349107851,2000-09-20
0.004220463067055,2000-09-21
0.0127390257774298,2000-09-22
-0.0020812936014564,2000-09-25
-0.003929519392928,2000-09-26
-0.0253572443596183,2000-09-27
0.0104200302541919,2000-09-28
-0.0053847728885472,2000-09-29
-0.0234393174290694,2000-10-02
0.0047448152623612,2000-10-03
0.0154244703256321,2000-10-04
0.0301530381706864,2000-10-05
-0.0257535590112016,2000-10-06
-0.0057231060899933,2000-10-09
-0.0068350370520384,2000-10-10
-0.0141338329547835,2000-10-11
0.0117389775677878,2000-10-12
-0.0208620067772713,2000-10-13
-0.0093382335300802,2000-10-16
-0.0247090147718616,2000-10-17
-0.0306602828921302,2000-10-18
0.02897763063579,2000-10-19
-0.0215164561265215,2000-10-20
-0.0378038634118116,2000-10-23
-0.0137466629079732,2000-10-24
-0.0097583063893846,2000-10-25
0.0400225532080593,2000-10-26
0.0324427553693293,2000-10-27
0.0134538756506472,2000-10-30
-0.001613011976854,2000-10-31
-0.0051251039419817,2000-11-01
0.0039585306184317,2000-11-02
-0.021486686113219,2000-11-03
0.0182040138606058,2000-11-06
0.0112866498780483,2000-11-07
-0.0211315880013245,2000-11-08
-0.0090473543796854,2000-11-09
0.0069983132966697,2000-11-10
-0.0175188975974869,2000-11-13
0.0116216028541007,2000-11-14
-0.0018816407947372,2000-11-15
-0.0015630749780441,2000-11-16
-0.011592119534864,2000-11-17
0.0122820126288019,2000-11-20
0.0193968654727996,2000-11-21
-0.0141005708074537,2000-11-22
-0.01820686477547,2000-11-23
0.0015357769161692,2000-11-24
-0.0231452612490237,2000-11-27
-0.0067330674821004,2000-11-28
-0.0090968788468313,2000-11-29
-0.0370125350454486,2000-11-30
0.0112259822841025,2000-12-01
0.0054180560788346,2000-12-04
0.0485434029096971,2000-12-05
-0.0168525338023517,2000-12-06
0.0362651956511665,2000-12-07
0.0355300083303884,2000-12-08
0.0135894173085482,2000-12-11
-0.0187418259100535,2000-12-12
0.0255006035665115,2000-12-13
-0.0020949271164152,2000-12-14
-0.0179196119781579,2000-12-15
0.0063184008546741,2000-12-18
0.0166347239572282,2000-12-19
-0.0476757618722185,2000-12-20
-0.0080338262977566,2000-12-21
0.0100834273432006,2000-12-22
-0.0040348832309593,2000-12-25
0.0137473241665642,2000-12-26
0.0260846649388692,2000-12-27
0.0047955421185559,2000-12-28
-0.0118001303297887,2000-12-29
0.0094052339207824,2001-01-01
0.013214973290859,2001-01-02
0.0733528827926317,2001-01-03
0.0045681392176035,2001-01-04
-0.0160196866996873,2001-01-05
0.0092200095095087,2001-01-08
0.0246896672601195,2001-01-09
-0.0033633310949685,2001-01-10
0.0061868623825738,2001-01-11
-0.0102734563608617,2001-01-12
0.0066838447152139,2001-01-15
-0.014369087033053,2001-01-16
0.0277205765788242,2001-01-17
0.0190141704455939,2001-01-18
0.0005135374281923,2001-01-19
-0.0079033685542881,2001-01-22
0.0249842657047132,2001-01-23
-0.0033704110099055,2001-01-24
-0.0060200347358954,2001-01-25
0.0125818484713118,2001-01-26
-0.00033545790318,2001-01-29
-0.0089873098328965,2001-01-30
-0.0028251798653418,2001-01-31
-0.0365332169745578,2001-02-01
-0.0073040320004302,2001-02-02
-0.0109375161571456,2001-02-05
0.0163617379347496,2001-02-06
-0.0115321068674063,2001-02-07
0.0253133468751247,2001-02-08
-0.0061080437710678,2001-02-09
-0.0129791867537711,2001-02-12
0.0105254845236917,2001-02-13
0.0014028526967493,2001-02-14
-0.0107467928046123,2001-02-15
-0.0408539762955655,2001-02-16
-0.0122526285326589,2001-02-19
-0.0093832791550401,2001-02-20
-0.0201244690383113,2001-02-21
0.0200616174622876,2001-02-22
0.0154674407078214,2001-02-23
-0.0168931370244553,2001-02-26
0.0091893215876979,2001-02-27
-0.0089585563902598,2001-02-28
0.0325644720818818,2001-03-01
0.0099400782068546,2001-03-02
-0.0026571668511774,2001-03-05
-0.0129638771245002,2001-03-06
0.0043399927530529,2001-03-07
-0.0102998887392118,2001-03-08
-0.0064296975757969,2001-03-09
-0.0376663799825696,2001-03-12
0.0036643029011464,2001-03-13
-0.0219931664599624,2001-03-14
-0.0121429592105055,2001-03-15
0.0116180592575059,2001-03-16
-0.0266700208598731,2001-03-19
0.0045058753393103,2001-03-20
-0.0033606699192585,2001-03-21
-0.0543702362718381,2001-03-22
0.0258241843393403,2001-03-23
0.0190076741871205,2001-03-26
0.0083257664407661,2001-03-27
-0.0137783426542199,2001-03-28
-0.0242109079616472,2001-03-29
0.0108636165900506,2001-03-30
-0.0321643547112806,2001-04-02
-0.0176063426626207,2001-04-03
0.0085532559718739,2001-04-04
0.0415636898040876,2001-04-05
0.0029037631022852,2001-04-06
0.0160255449891355,2001-04-09
0.0221059157882788,2001-04-10
-0.0153349507906863,2001-04-11
0.0100712547250569,2001-04-12
-0.0015822964423595,2001-04-13
-0.034050765572541,2001-04-16
-0.0075047256540674,2001-04-17
0.0422020838177807,2001-04-18
-0.0356670216279706,2001-04-19
-0.0522748510545554,2001-04-20
0.0142812967673382,2001-04-23
0.0125175984450116,2001-04-24
0.0067302156205233,2001-04-25
0.0410846162490532,2001-04-26
0.0115210976236763,2001-04-27
-0.0006701065720164,2001-04-30
-0.0033797048632333,2001-05-01
0.0019710177277172,2001-05-02
0.0163124892836581,2001-05-03
-0.0032412795038236,2001-05-04
-0.014549108745598,2001-05-07
-0.0086422791628884,2001-05-08
0.002167581963631,2001-05-09
0.0143761712803307,2001-05-10
-0.0339176512723859,2001-05-11
-0.0178215646087718,2001-05-14
-0.0007729333202846,2001-05-15
0.033728145198749,2001-05-16
0.005422271655604,2001-05-17
0.0060651173187,2001-05-18
0.0162605208717803,2001-05-21
-0.019962608363226,2001-05-22
-0.0092815950355102,2001-05-23
-0.0115695283317531,2001-05-24
-0.0147750060573077,2001-05-25
-0.0005592059421548,2001-05-28
0.0105718052345835,2001-05-29
0.0024185479777969,2001-05-30
0.0110505946244909,2001-05-31
0.0096461586217468,2001-06-01
0.0208731153183219,2001-06-04
0.0190831719733175,2001-06-05
-0.0042963221924932,2001-06-06
0.0087682827220607,2001-06-07
-0.0063574654605869,2001-06-08
-0.0092841464515949,2001-06-11
-0.0033555974507439,2001-06-12
0.0150447630992154,2001-06-13
-0.0088904931902895,2001-06-14
-0.0186221016834036,2001-06-15
-0.0429513871955986,2001-06-18
0.0031993350422165,2001-06-19
0.0117356034164721,2001-06-20
0.0171467765000059,2001-06-21
-0.0095577748431328,2001-06-22
-0.0097187815832171,2001-06-25
-0.0055172553747535,2001-06-26
-0.0105673953338474,2001-06-27
0.0057841897912638,2001-06-28
0.0116750315805038,2001-06-29
-0.0003434655709533,2001-07-02
-0.0139755976083435,2001-07-03
-0.0209096287044463,2001-07-04
-0.0005693139920364,2001-07-05
-0.0100877263962857,2001-07-06
0.0069268895896232,2001-07-09
-0.0314577262393189,2001-07-10
0.0176763056809665,2001-07-11
0.0075014777619504,2001-07-12
0.0115740378962438,2001-07-13
-0.0191479190901482,2001-07-16
0.025591103486299,2001-07-17
-0.0270402740898898,2001-07-18
-0.0021050347119118,2001-07-19
0.0236960896987028,2001-07-20
-0.0017045458672555,2001-07-23
-0.0237369988200466,2001-07-24
0.0157438075328393,2001-07-25
-0.0105165559033277,2001-07-26
0.0072150385141505,2001-07-27
-0.014920244913533,2001-07-30
0.0036419298758261,2001-07-31
-0.0008000873249294,2001-08-01
0.0058042679095056,2001-08-02
0.001084559594398,2001-08-03
0.0149904187721539,2001-08-06
-0.0007833921278042,2001-08-07
-0.0083706444757041,2001-08-08
-0.0061254830668708,2001-08-09
0.0058380647994606,2001-08-10
-0.0104024632328645,2001-08-13
0.0042029047375322,2001-08-14
-0.0123691914617669,2001-08-15
-0.0110425150332105,2001-08-16
-0.0350278720604713,2001-08-17
0.0054283553917642,2001-08-20
-0.0171496493656455,2001-08-21
0.0046432524221433,2001-08-22
-0.0156405164739297,2001-08-23
0.0194165776786263,2001-08-24
-0.0003846597731769,2001-08-27
0.0016913973433414,2001-08-28
0.0045219467741688,2001-08-29
-0.0142479979711733,2001-08-30
-0.0039637871040554,2001-08-31
-0.003198005923565,2001-09-03
-0.0025814540873572,2001-09-04
-0.0138814438186507,2001-09-05
-0.0270482560394871,2001-09-06
0.0228034296725958,2001-09-07
-0.0503520138549369,2001-09-10
0.013869154652804,2001-09-11
-0.0841389932470288,2001-09-12
-0.0753893442974771,2001-09-13
-0.0267469238439712,2001-09-14
0.0501465338600137,2001-09-17
0.0003790750614012,2001-09-18
0.0179355951109965,2001-09-19
-0.0189783974996604,2001-09-20
-0.0118310701647654,2001-09-21
0.0108821234243574,2001-09-24
-0.0292863623795351,2001-09-25
-0.0220419104088556,2001-09-26
0.0391015467795838,2001-09-27
0.0219580135351762,2001-09-28
-0.0127739826569168,2001-10-01
-0.0143873573222439,2001-10-02
-0.0114653412969953,2001-10-03
-0.0168518400354908,2001-10-04
0.0133276073129611,2001-10-05
-0.0100533076172872,2001-10-08
0.0185490376388415,2001-10-09
0.0171603555447763,2001-10-10
0.0304066348927012,2001-10-11
-0.0257973796289991,2001-10-12
0.0750069096792316,2001-10-15
-0.0062868228495176,2001-10-16
0.0011540682181063,2001-10-17
-0.0247924312532159,2001-10-18
0.0301899579615447,2001-10-19
0.0319582598354415,2001-10-22
-0.0074636815400914,2001-10-23
-0.012564612242496,2001-10-24
0.0220774748275225,2001-10-25
0.0048500414153362,2001-10-26
-0.0348942907064024,2001-10-29
-0.0315190592862766,2001-10-30
0.0304637430332022,2001-10-31
0.0020217121112846,2001-11-01
-0.0113923605947974,2001-11-02
0.0773951674144921,2001-11-05
0.0204229872053769,2001-11-06
0.0159798862198758,2001-11-07
-0.0049265097653972,2001-11-08
0.0140006241841668,2001-11-09
-0.0129656334465,2001-11-12
0.0275473569772728,2001-11-13
-0.0071473268836097,2001-11-14
-0.0043495881776856,2001-11-15
0.0087838402604027,2001-11-16
0.0080402443185647,2001-11-19
-0.0272407087766897,2001-11-20
0.0122681626766834,2001-11-21
0.0174335178873139,2001-11-22
0.0306343208095896,2001-11-23
0.0247216827803473,2001-11-26
-0.0114754758539046,2001-11-27
-0.0438805277360323,2001-11-28
-0.0219771998132323,2001-11-29
0.015272230761159,2001-11-30
0.0307622855853058,2001-12-03
-0.0142735497340247,2001-12-04
0.017716924646157,2001-12-05
0.0116638891523486,2001-12-06
-0.0178855650819471,2001-12-07
0.0109928196158186,2001-12-10
-0.0073151031577172,2001-12-11
0.0159789360914501,2001-12-12
-0.0310758411786054,2001-12-13
-0.0144791283486949,2001-12-14
-0.0036334159256856,2001-12-17
0.0368736897672565,2001-12-18
-0.0080189285696956,2001-12-19
-0.0283901851148726,2001-12-20
0.0343169063907051,2001-12-21
-0.0133027412238195,2001-12-24
-0.0037085129361642,2001-12-25
0.0161881164624428,2001-12-26
0.0293596362665748,2001-12-27
-0.0130242566905636,2001-12-28
-0.0010316116160637,2001-12-31
0.0075649437192719,2002-01-01
0.0148882520555222,2002-01-02
0.0279365646272768,2002-01-03
0.004685814777245,2002-01-04
0.0032740094028955,2002-01-07
-0.0147829083650705,2002-01-08
-0.0104296947415392,2002-01-09
-0.0326947318922155,2002-01-10
0.0012519793954073,2002-01-11
-0.0348232423195007,2002-01-14
-0.0084950574013458,2002-01-15
0.0055949561547983,2002-01-16
0.0191520179641191,2002-01-17
0.0026956212504032,2002-01-18
-0.0164358343984041,2002-01-21
-0.0115449120505974,2002-01-22
0.0173811358396775,2002-01-23
-0.005304248247409,2002-01-24
-0.0022311251078726,2002-01-25
-0.0099995731437765,2002-01-28
-0.0392945506738513,2002-01-29
0.0024767319815186,2002-01-30
0.0149687980841282,2002-01-31
-0.0048857465193812,2002-02-01
-0.0116003207717749,2002-02-04
0.0186062926721728,2002-02-05
0.0002353033463151,2002-02-06
-0.0052683432253051,2002-02-07
-0.0068032854763622,2002-02-08
0.0063038440517733,2002-02-11
-0.0028964157380908,2002-02-12
0.0249993489278175,2002-02-13
0.0216752742827956,2002-02-14
0.0041439125036752,2002-02-15
-0.0134738243050236,2002-02-18
-0.0099564275033632,2002-02-19
0.0236557902824472,2002-02-20
0.0169198684809277,2002-02-21
0.0024360547978812,2002-02-22
0.0301391680743599,2002-02-25
-0.0010020758121491,2002-02-26
0.0176040889159914,2002-02-27
-0.0126749793897822,2002-02-28
0.0218503195430788,2002-03-01
0.0088846284437789,2002-03-04
-0.0323039113667604,2002-03-05
-0.0123520421453022,2002-03-06
-0.0081988487573507,2002-03-07
0.0170475090617667,2002-03-08
-0.019235534148823,2002-03-11
0.0347992210798224,2002-03-12
0.004432724936322,2002-03-13
-0.0089560205134677,2002-03-14
0.0174149475291898,2002-03-15
-0.0083887244813816,2002-03-18
-0.0089553889765898,2002-03-19
-0.001985253062692,2002-03-20
-0.0268293864143185,2002-03-21
-0.0299700554174169,2002-03-22
-0.002557353781885,2002-03-25
0.02175294354981,2002-03-26
-0.0107428334518502,2002-03-27
-0.0127438006539399,2002-03-28
0.0121228754554749,2002-03-29
0.0037445332714423,2002-04-01
-0.0166221257438721,2002-04-02
-0.012153586741924,2002-04-03
0.0207986321263895,2002-04-04
-0.006307274250771,2002-04-05
-0.0087759679605561,2002-04-08
0.0026560440581153,2002-04-09
0.0166100545656195,2002-04-10
-0.0003727587921034,2002-04-11
0.025036283012005,2002-04-12
-0.020498091240837,2002-04-15
0.0111460832839522,2002-04-16
0.0079693348115217,2002-04-17
-0.0116463502796175,2002-04-18
-0.0070237987918027,2002-04-19
-0.0190253660053016,2002-04-22
-0.002726035309239,2002-04-23
0.0145284651133668,2002-04-24
-0.0081038936787862,2002-04-25
-0.0149534077820998,2002-04-26
0.0010700910598426,2002-04-29
-0.0003820439396982,2002-04-30
-0.0001019030393472,2002-05-01
-0.0426006000909851,2002-05-02
0.0057261171250502,2002-05-03
-0.0143772444542076,2002-05-06
-0.0071048256237453,2002-05-07
0.0220370310467306,2002-05-08
-0.0416743827454748,2002-05-09
0.0023109947558292,2002-05-10
-0.0106084203886389,2002-05-13
0.0166904642871035,2002-05-14
0.0118922962195622,2002-05-15
0.0247913536420441,2002-05-16
0.0030758334908664,2002-05-17
-0.0024441215305035,2002-05-20
0.0026016018457895,2002-05-21
-0.0265682386771164,2002-05-22
0.0150861471346406,2002-05-23
0.0014325509811623,2002-05-24
0.0098133107873881,2002-05-27
0.0023597902872278,2002-05-28
0.0199905540792268,2002-05-29
-0.0140632568771614,2002-05-30
0.004467888046399,2002-05-31
-0.0158310516292576,2002-06-03
-0.0046716106972599,2002-06-04
-0.0007939659011757,2002-06-05
-0.038623592021592,2002-06-06
0.0139369365222936,2002-06-07
0.0254806214004741,2002-06-10
-0.0314415258348184,2002-06-11
-0.0063262750528778,2002-06-12
-0.0141940544473708,2002-06-13
-0.0222315905569008,2002-06-14
0.0201394520474362,2002-06-17
-0.0097652093446605,2002-06-18
-0.0281394563816181,2002-06-19
-0.0521500177710017,2002-06-20
-0.0479746566540963,2002-06-21
0.0341291336502482,2002-06-24
-0.004938281640582,2002-06-25
-0.0014020659398266,2002-06-26
0.0296741271514431,2002-06-27
0.0113760706802459,2002-06-28
-0.0224238890515398,2002-07-01
-0.0042322263926433,2002-07-02
-0.0195518750380951,2002-07-03
0.0017847921698059,2002-07-04
-0.0123709023725329,2002-07-05
0.0153696863647123,2002-07-08
-0.0061007275425524,2002-07-09
-0.0062329033591286,2002-07-10
0.0234071167807954,2002-07-11
0.0147892283561983,2002-07-12
-0.0309283911091231,2002-07-15
-0.0051860000251604,2002-07-16
0.0165943900759053,2002-07-17
0.0053783512437064,2002-07-18
-0.0215001738518125,2002-07-19
-0.0675225904524179,2002-07-22
-0.0148694052378548,2002-07-23
0.0194082198279108,2002-07-24
-0.0276505908263331,2002-07-25
-0.0475649684113648,2002-07-26
0.0024922806420644,2002-07-29
0.0109784764263238,2002-07-30
0.0440793681636186,2002-07-31
-0.0003073298185345,2002-08-01
0.0093820798332906,2002-08-02
-0.0395455730603035,2002-08-05
0.0296510668770864,2002-08-06
0.0117198793703163,2002-08-07
0.0441962345737074,2002-08-08
-0.0325119759406806,2002-08-09
-0.0265870556245406,2002-08-12
-0.0292174372306099,2002-08-13
-0.0107522194124474,2002-08-14
-0.0172734511794345,2002-08-15
0.0366709537472846,2002-08-16
-0.0115083358507419,2002-08-19
-0.0164885962560372,2002-08-20
0.0187161230323056,2002-08-21
0.027691022738967,2002-08-22
-0.0027865232953807,2002-08-23
0.042688791688942,2002-08-26
0.0267724832396947,2002-08-27
0.0007710100613245,2002-08-28
0.0071994551428531,2002-08-29
-0.0070067954755597,2002-08-30
-0.0003853564594891,2002-09-02
-0.0235947379267091,2002-09-03
-0.013808395033795,2002-09-04
-0.0277908351575231,2002-09-05
-0.000617283970218,2002-09-06
0.0240975515790609,2002-09-09
0.0006025911601437,2002-09-10
0.022044383883637,2002-09-11
-0.000884303668533,2002-09-12
0.0007860863134485,2002-09-13
-0.0349825797402711,2002-09-16
-0.0185827430338925,2002-09-17
-0.0151399394105027,2002-09-18
-0.0140914552948441,2002-09-19
0.0224728558520599,2002-09-20
-0.0340634556669687,2002-09-23
-0.0126006446701048,2002-09-24
0.0087070641509718,2002-09-25
-0.0031475578164865,2002-09-26
-0.0539343654126458,2002-09-27
-0.0107273651121868,2002-09-30
0.0425692784487932,2002-10-01
-0.01998046040028,2002-10-02
0.0356385154473581,2002-10-03
0.0130436631920289,2002-10-04
-0.0438187409018269,2002-10-07
-0.0018068892550111,2002-10-08
-0.0150327395292659,2002-10-09
0.0171780573508772,2002-10-10
-0.0012414650880643,2002-10-11
-0.0466974936724522,2002-10-14
0.0066045764314033,2002-10-15
-0.0161160023158277,2002-10-16
0.0615026189157426,2002-10-17
0.0133900683925407,2002-10-18
0.0116805735735709,2002-10-21
0.0219955776921114,2002-10-22
0.0531135208122766,2002-10-23
-0.004175371410481,2002-10-24
0.0218036294641006,2002-10-25
-0.0450328781474649,2002-10-28
0.0028161687451699,2002-10-29
0.0475941372179899,2002-10-30
0.0097841369536766,2002-10-31
-0.0027575357241165,2002-11-01
-0.0226409711122759,2002-11-04
-0.0052594437005684,2002-11-05
-0.0161524673070303,2002-11-06
0.0098452236105188,2002-11-07
0.0062058289608621,2002-11-08
0.0026334462702237,2002-11-11
-0.0168311210458345,2002-11-12
0.0044136586917815,2002-11-13
0.0122151355956496,2002-11-14
-0.0095898805122587,2002-11-15
0.0183534722325511,2002-11-18
0.0,2002-11-19
0.0116657188159621,2002-11-20
0.0197287647310542,2002-11-21
0.0111149841927318,2002-11-22
-0.0153029620693931,2002-11-25
-0.011188653377582,2002-11-26
0.0092347645183785,2002-11-27
0.0012704619348724,2002-11-28
0.0260280742907799,2002-11-29
0.0155788450282923,2002-12-02
-0.0010310728757101,2002-12-03
-0.0021593211225443,2002-12-04
-0.0215654583657389,2002-12-05
0.0148701624794505,2002-12-06
-0.0220020354226537,2002-12-09
-0.0007740687372468,2002-12-10
0.0270248005383937,2002-12-11
-0.0025470510444609,2002-12-12
-0.002174838926356,2002-12-13
0.0194053429337479,2002-12-16
0.0057396935947959,2002-12-17
0.0139336748731437,2002-12-18
0.0200971031981325,2002-12-19
0.0248492828259578,2002-12-20
-0.0017421607193846,2002-12-23
-0.0070576862702242,2002-12-24
0.0079291460203645,2002-12-25
-0.0142120121710878,2002-12-26
-0.00744948461009,2002-12-27
0.0030219559038844,2002-12-30
0.0004732047881983,2002-12-31
-0.0019830412133892,2003-01-01
0.0308066717764727,2003-01-02
-0.0002585872530893,2003-01-03
0.0355668309947425,2003-01-06
-0.012052372205547,2003-01-07
-0.0076071704857927,2003-01-08
0.0106339089659854,2003-01-09
0.0274080497100719,2003-01-10
-0.0109227875267787,2003-01-13
0.0053531114036537,2003-01-14
-0.0168976106994218,2003-01-15
-0.0015884298787707,2003-01-16
-0.0233631753985932,2003-01-17
-0.0024009615375373,2003-01-20
-0.0184556639795872,2003-01-21
-0.0259570758761196,2003-01-22
0.0017934007676174,2003-01-23
-0.0344515981962896,2003-01-24
-0.0238352280240672,2003-01-27
-0.0012353306079937,2003-01-28
0.0323695239137222,2003-01-29
-0.0103637459485224,2003-01-30
0.0175184269915629,2003-01-31
-0.0028374006496747,2003-02-03
-0.0309979674990632,2003-02-04
0.0014171668487374,2003-02-05
-0.0024577004525294,2003-02-06
-0.0176640865310151,2003-02-07
0.0094914666817871,2003-02-10
0.0027633539905647,2003-02-11
9.515200540022306e-05,2003-02-12
-0.0389999953629125,2003-02-13
-0.0026747254541437,2003-02-14
0.0106562429203442,2003-02-17
0.0252932714186719,2003-02-18
-0.0191291699089966,2003-02-19
-0.0034198088925379,2003-02-20
0.0110960842580229,2003-02-21
-0.0074812105057997,2003-02-24
-0.0060647745317012,2003-02-25
-0.0195181308774454,2003-02-26
0.0130214055953548,2003-02-27
0.0151911580128647,2003-02-28
-0.0144014245068646,2003-03-03
0.0068346916332853,2003-03-04
0.0099954512190301,2003-03-05
0.0295418452491862,2003-03-06
0.0102161252184931,2003-03-07
-0.0394669202594641,2003-03-10
0.0030025689660355,2003-03-11
0.0226619632656319,2003-03-12
0.0192889875540203,2003-03-13
0.0031481507482169,2003-03-14
0.0053476063265947,2003-03-17
0.025062603008477,2003-03-18
-0.0130886013456574,2003-03-19
0.0138057685659962,2003-03-20
0.0193474263540167,2003-03-21
-0.0288918892287615,2003-03-24
0.0160649629546369,2003-03-25
-0.0023174981403624,2003-03-26
0.0024065255163385,2003-03-27
0.0144065419762302,2003-03-28
-0.0107632269762785,2003-03-31
0.0278160153589972,2003-04-01
0.0238674814066435,2003-04-02
0.0112238384046268,2003-04-03
0.0049850551889196,2003-04-04
0.0057846620276595,2003-04-07
-0.0298579570695824,2003-04-08
-0.0016993801353688,2003-04-09
-0.0143899699346707,2003-04-10
0.0109825213698577,2003-04-11
0.0131396795720171,2003-04-14
0.0193500616210116,2003-04-15
-0.0052176191911517,2003-04-16
0.0288095872088103,2003-04-17
-0.0173884401217172,2003-04-18
0.0030873919689486,2003-04-21
0.0188891352449775,2003-04-22
-0.0046687680394459,2003-04-23
-0.0223555038987477,2003-04-24
0.0004949270083702,2003-04-25
0.0273321064724907,2003-04-28
0.0171841937399452,2003-04-29
-0.0095899288551475,2003-04-30
0.0006899480159052,2003-05-01
0.0192578888859102,2003-05-02
0.001793862353681,2003-05-05
-0.014837183908952,2003-05-06
0.0243762069557114,2003-05-07
-0.0027051065689995,2003-05-08
0.0224229788676098,2003-05-09
0.0079897915045492,2003-05-12
0.0075539793034256,2003-05-13
0.0028273828359104,2003-05-14
-0.0247483389368738,2003-05-15
0.0072092894296584,2003-05-16
-0.0368914808522617,2003-05-19
-7.845906402259573e-05,2003-05-20
0.02242229008211,2003-05-21
0.0051272352613445,2003-05-22
0.0032007343283364,2003-05-23
-0.0223898562462583,2003-05-26
0.0301961788091755,2003-05-27
0.0036171855566031,2003-05-28
0.0083149660685322,2003-05-29
0.0012673800481248,2003-05-30
-0.0144837622558053,2003-06-02
0.009104995366016,2003-06-03
0.027192454230871,2003-06-04
0.0045094265083829,2003-06-05
0.0103238833416359,2003-06-06
-0.0055457666713145,2003-06-09
0.0034607100148562,2003-06-10
-0.0012242988818158,2003-06-11
0.0076095126698394,2003-06-12
-0.0179677958602297,2003-06-13
0.0071825316941946,2003-06-16
-0.0040565068302171,2003-06-17
-0.0194963665846383,2003-06-18
0.0144024827714215,2003-06-19
-0.0429308043723768,2003-06-20
-0.0107190368632714,2003-06-23
0.0089659208229715,2003-06-24
-0.0062753707123572,2003-06-25
0.006580481317318,2003-06-26
-0.0067340321813436,2003-06-27
-0.0039235346713102,2003-06-30
0.0242168398503217,2003-07-01
0.0014285179678239,2003-07-02
-0.0133113446382395,2003-07-03
0.0111301546493329,2003-07-04
0.0090695071328656,2003-07-07
0.0160619270358406,2003-07-08
-0.0136770697421475,2003-07-09
0.0049749499304372,2003-07-10
-0.0134220194057839,2003-07-11
0.0198453129290108,2003-07-14
0.0019116247274233,2003-07-15
-0.0093724164910398,2003-07-16
0.0099598742844069,2003-07-17
0.0125475821899723,2003-07-18
-0.0085912432320451,2003-07-21
0.0115591414618343,2003-07-22
-0.0026054874694718,2003-07-23
-0.0027576214862712,2003-07-24
-0.0007996801705658,2003-07-25
-0.0078122545318422,2003-07-28
-0.0014670287968137,2003-07-29
-0.0109234239888635,2003-07-30
0.007172730126923,2003-07-31
-0.033109158607278,2003-08-01
-0.0146536819808886,2003-08-04
0.0092315449044537,2003-08-05
-0.0131809053635976,2003-08-06
0.0335704395498144,2003-08-07
0.0128226000198967,2003-08-08
0.0044345970678651,2003-08-11
0.0030925582411978,2003-08-12
0.0058642595853601,2003-08-13
0.0094566791889381,2003-08-14
0.0056313772385063,2003-08-15
0.0182627418475469,2003-08-18
0.0008479367381983,2003-08-19
0.021590358295457,2003-08-20
0.0139343985074358,2003-08-21
-0.0038930486623751,2003-08-22
-0.0096266988370476,2003-08-25
0.0275987671136821,2003-08-26
0.0176547672053697,2003-08-27
-0.005164206392255,2003-08-28
0.0072092643336194,2003-08-29
0.0116623217895153,2003-09-01
0.0066221108059938,2003-09-02
0.011580160286746,2003-09-03
0.0045311031924715,2003-09-04
0.0123399762355767,2003-09-05
0.0093897403498388,2003-09-08
-0.0209022971320429,2003-09-09
0.016719104942533,2003-09-10
0.0191485323996509,2003-09-11
0.0078868137235339,2003-09-12
-0.0048225225471849,2003-09-15
-0.0044155597315693,2003-09-16
0.013552493613707,2003-09-17
0.0237871075911311,2003-09-18
-0.0022525202173788,2003-09-19
-0.0218984663273698,2003-09-22
-0.0025508668554028,2003-09-23
-0.0237535012731413,2003-09-24
-0.0158175529797084,2003-09-25
0.0003162855452245,2003-09-26
0.0186722216878205,2003-09-29
-0.0061021359959099,2003-09-30
0.0348608482374093,2003-10-01
0.0188216950479773,2003-10-02
0.0114764523594672,2003-10-03
0.0107096070463761,2003-10-06
0.011340535434817,2003-10-07
0.0189941925837757,2003-10-08
-0.0054628018598457,2003-10-09
-0.0018087276014018,2003-10-10
0.0216024965601135,2003-10-13
0.006401787867972,2003-10-14
-0.0130677385594868,2003-10-15
0.0007242945409533,2003-10-16
-0.0091759162254074,2003-10-17
0.0320261877743952,2003-10-20
0.0042912692485952,2003-10-21
-0.0116673442149846,2003-10-22
-0.0303433160889508,2003-10-23
0.0069851568379846,2003-10-24
-0.0035991490882523,2003-10-27
0.0265733574802098,2003-10-28
-0.015647348802064,2003-10-29
0.0082688670039789,2003-10-30
-0.0062091340409686,2003-10-31
0.0293179714930964,2003-11-03
0.0012952670600387,2003-11-04
-0.0127009957468384,2003-11-05
0.0165767609473181,2003-11-06
0.003164814228004,2003-11-07
-0.0053700053865259,2003-11-10
-0.0088153946932489,2003-11-11
0.020697994496448,2003-11-12
-0.0020772864270224,2003-11-13
0.0122414819257556,2003-11-14
-0.0168374712044165,2003-11-17
0.0076837259738038,2003-11-18
-0.0003189792690534,2003-11-19
0.0206290533840771,2003-11-20
0.0025489648883052,2003-11-21
0.022754519330709,2003-11-24
0.006025182147427,2003-11-25
-0.0058220642875905,2003-11-26
0.0134155734058758,2003-11-27
0.0111098415100112,2003-11-28
0.0165585407198705,2003-12-01
-0.0030747480238115,2003-12-02
0.0040002004655974,2003-12-03
-0.0061532645191064,2003-12-04
0.0225708230331314,2003-12-05
0.0004309416140824,2003-12-08
0.0176046682852817,2003-12-09
-0.0135914767158435,2003-12-10
0.0152833654547972,2003-12-11
-0.0152356862405422,2003-12-12
-0.0126669000047208,2003-12-15
0.0024113828901963,2003-12-16
0.0209259524564267,2003-12-17
0.0135871655463084,2003-12-18
-0.0048046739659586,2003-12-19
0.0113447376305018,2003-12-22
0.0026778722313984,2003-12-23
-0.0055483774664679,2003-12-24
0.0042103377254623,2003-12-25
0.0068099467152489,2003-12-26
0.0108547996392918,2003-12-29
0.0086267782813234,2003-12-30
-0.0093376984991291,2003-12-31
0.0050336119925606,2004-01-01
0.0136593616492408,2004-01-02
0.0472933247683133,2004-01-05
0.0018680484331845,2004-01-06
-0.0109178839531018,2004-01-07
0.0168807291004657,2004-01-08
0.00839741257397,2004-01-09
0.013290888008953,2004-01-12
-0.0123296910358536,2004-01-13
-0.0228574137220753,2004-01-14
-0.0188526107361326,2004-01-15
0.0083700642610953,2004-01-16
0.0098840512451356,2004-01-19
0.0124937882165241,2004-01-20
-0.0160493855966255,2004-01-21
-0.014393713090131,2004-01-22
0.0216201358317871,2004-01-23
0.0367662329891942,2004-01-26
-0.0051054129339895,2004-01-27
-0.0155583653337494,2004-01-28
-0.0634323077937839,2004-01-29
-0.0241890763823473,2004-01-30
-0.0029332254405325,2004-02-02
0.0224208357110722,2004-02-03
-0.0271135200679388,2004-02-04
-0.0277269556191068,2004-02-05
0.0407385470788188,2004-02-06
-0.000318681571521,2004-02-09
0.0094714414345524,2004-02-10
0.0452378313560597,2004-02-11
-0.0057933581835971,2004-02-12
-0.0233818473383831,2004-02-13
-0.0152510838598729,2004-02-16
0.0106243294544086,2004-02-17
-0.0191785466803722,2004-02-18
-0.0488560754324414,2004-02-19
0.0182562769968726,2004-02-20
0.0043180450416659,2004-02-23
-0.0134045226624248,2004-02-24
0.0217537172733468,2004-02-25
-0.0073852492013095,2004-02-26
0.0141189707986182,2004-02-27
0.0336272476056027,2004-03-01
-0.0025366605355721,2004-03-02
0.0048008627060127,2004-03-03
-0.0069866559259939,2004-03-04
0.0212087656225286,2004-03-05
0.0052326461346421,2004-03-08
-0.0139709281844577,2004-03-09
-0.0452900780471381,2004-03-10
-0.0427562590204324,2004-03-11
0.047635889381274,2004-03-12
-0.0252047753177286,2004-03-15
0.0176913149103992,2004-03-16
0.0132373123786493,2004-03-17
0.0211884776216084,2004-03-18
-0.0048845070338465,2004-03-19
-0.0272305323310373,2004-03-22
-0.0213687332106005,2004-03-23
-0.0104291061410002,2004-03-24
0.000714540937869,2004-03-25
0.0254356581825394,2004-03-26
-0.0004643387899179,2004-03-29
0.0235013340581566,2004-03-30
0.0044811662630745,2004-03-31
0.0225511353883227,2004-04-01
0.0132469697468771,2004-04-02
0.0085476168534111,2004-04-05
-0.0032022183233486,2004-04-06
-0.0276409995441611,2004-04-07
0.0124868785051663,2004-04-08
0.0009529744517706,2004-04-09
0.0014643435037218,2004-04-12
-0.0070484873310618,2004-04-13
-0.0137098203627861,2004-04-14
-0.0260167678501463,2004-04-15
0.0013790569437581,2004-04-16
-0.0065444053282472,2004-04-19
-0.025712691578807,2004-04-20
0.019419910579721,2004-04-21
-0.0163881697449941,2004-04-22
0.0209686611802446,2004-04-23
-0.0123970455662014,2004-04-26
-0.000328322509457,2004-04-27
-0.0403490879534782,2004-04-28
-0.0301963992310181,2004-04-29
-0.0130727439332769,2004-04-30
0.0051887388770719,2004-05-03
0.0140567092716015,2004-05-04
0.0018993358036532,2004-05-05
-0.0426421192660022,2004-05-06
-0.0301530381706882,2004-05-07
-0.0561101229000762,2004-05-10
0.0516425857981079,2004-05-11
-0.011447918203931,2004-05-12
0.0041385378171483,2004-05-13
0.0112934494016574,2004-05-14
-0.0266261339619582,2004-05-17
0.0236665170896284,2004-05-18
0.0070884197563199,2004-05-19
-0.0242646219996327,2004-05-20
0.0024640669551594,2004-05-21
0.0207833426538464,2004-05-24
0.0101788829501217,2004-05-25
0.011020702647178,2004-05-26
0.0342790565824842,2004-05-27
-0.0034009321884571,2004-05-28
-0.0062226050015983,2004-05-31
5.116267172589062e-05,2004-06-01
0.0087105458674852,2004-06-02
-0.0162081417148467,2004-06-03
0.0213680074729278,2004-06-04
0.0311950989187064,2004-06-07
-0.0080037745281451,2004-06-08
-0.0208730086662107,2004-06-09
0.0166572063614065,2004-06-10
-0.0182189588640344,2004-06-11
-0.0175987452364481,2004-06-14
0.0282806250948528,2004-06-15
0.0203922439011421,2004-06-16
-0.0061282211642925,2004-06-17
-9.835743098385308e-05,2004-06-18
-0.0019691829333723,2004-06-21
-0.0046429007635779,2004-06-22
0.0310491616516905,2004-06-23
-0.0061621608432886,2004-06-24
0.0020261476370517,2004-06-25
-0.019416195946297,2004-06-28
0.021871011744281,2004-06-29
0.0165915605759217,2004-06-30
0.0094122771195728,2004-07-01
0.0102058345597111,2004-07-02
0.0047180808183711,2004-07-05
-0.0224938318659884,2004-07-06
-0.0008026629954773,2004-07-07
-0.0135053648136231,2004-07-08
0.0092926399598187,2004-07-09
0.0211206048657128,2004-07-12
0.0067115899140759,2004-07-13
-0.0001845444065224,2004-07-14
0.0179253965152454,2004-07-15
0.0171643322478978,2004-07-16
-0.0154888728028179,2004-07-19
0.0116502678394194,2004-07-20
-0.0249497897924708,2004-07-21
-0.0036747859452006,2004-07-22
-0.0064172330745613,2004-07-23
-0.0127247749268306,2004-07-26
0.0194640914237833,2004-07-27
0.0196339298699488,2004-07-28
0.0027029478569975,2004-07-29
0.0048917409337434,2004-07-30
0.004957027008686,2004-08-02
-0.0033466486691651,2004-08-03
-0.0087540681599165,2004-08-04
-0.0389862740477635,2004-08-05
0.015029480494892,2004-08-06
-0.0182696044819223,2004-08-09
0.0221414691944996,2004-08-10
-0.0077124172896638,2004-08-11
0.0,2004-08-12
-0.0078658104930617,2004-08-13
0.0168195787156761,2004-08-16
0.0135541150899456,2004-08-17
0.0320277151855812,2004-08-18
0.0068250691499294,2004-08-19
0.0113157219650581,2004-08-20
-0.0149412091519778,2004-08-23
0.0007873671724727,2004-08-24
0.0081867727760727,2004-08-25
-0.0208596520524313,2004-08-26
0.0006640253458982,2004-08-27
0.0119651275700185,2004-08-30
-0.0028901754222339,2004-08-31
-0.0127991861131757,2004-09-01
0.0077432302108793,2004-09-02
-0.0121057727423146,2004-09-03
0.0038738165414784,2004-09-06
0.0014654619937317,2004-09-07
-4.437640063770232e-05,2004-09-08
-0.0110666011171129,2004-09-09
-0.0143718295992467,2004-09-10
-0.0072641203905252,2004-09-13
0.0226674558554229,2004-09-14
0.0015676441523631,2004-09-15
0.0235304974101939,2004-09-16
0.0086181164520287,2004-09-17
0.0001733402673771,2004-09-20
0.0012125412883516,2004-09-21
-0.0155711356739196,2004-09-22
0.0085352760303027,2004-09-23
0.0012196185848392,2004-09-24
-0.0060254297479147,2004-09-27
0.0172369403846932,2004-09-28
-0.0009905468197253,2004-09-29
0.0015930083234447,2004-09-30
0.0226286717277179,2004-10-01
0.0155656532283163,2004-10-04
0.0022748432930761,2004-10-05
-0.0073810253820028,2004-10-06
0.003199603818345,2004-10-07
-0.0073702734164609,2004-10-08
0.0011277961137761,2004-10-11
0.0017101507848931,2004-10-12
-0.0298643292185563,2004-10-13
-0.0142711295957589,2004-10-14
0.0176575485895469,2004-10-15
0.0018384322927413,2004-10-18
-0.0223748104025762,2004-10-19
-0.0008740113303833,2004-10-20
0.0080989731209637,2004-10-21
-0.0141505614892114,2004-10-22
-0.005822946445523,2004-10-25
0.0108247118749567,2004-10-26
0.0139941440642044,2004-10-27
-0.0104990118417553,2004-10-28
0.0053500486455622,2004-10-29
0.0095413567881088,2004-11-01
-0.0081252738984822,2004-11-02
0.0246172420861956,2004-11-03
0.0092554299741607,2004-11-04
-0.0142552285341128,2004-11-05
-0.0141166736619275,2004-11-08
0.00017230981347,2004-11-09
0.010241995638589,2004-11-10
0.0028099473529863,2004-11-11
0.0216174622125162,2004-11-12
-0.0152885953956012,2004-11-15
0.004285911554092,2004-11-16
0.0166037772109763,2004-11-17
-0.0011177117053726,2004-11-18
-0.0045249885209095,2004-11-19
0.0169562015415003,2004-11-22
-0.0043046084712283,2004-11-23
0.0011497085934255,2004-11-24
0.0202708271246923,2004-11-25
0.0052541983905314,2004-11-26
-0.0057368821213934,2004-11-29
0.0109238226897083,2004-11-30
0.0042491575558809,2004-12-01
-0.0013879252748481,2004-12-02
0.0105787676374013,2004-12-03
0.0064578217029875,2004-12-06
-0.0254448558179696,2004-12-07
-0.0008407230713185,2004-12-08
-0.0178612256286445,2004-12-09
0.0164584478991649,2004-12-10
0.011643339000674,2004-12-13
0.0133104272742556,2004-12-14
0.0005084182436121,2004-12-15
0.009920909273676,2004-12-16
-0.0066809337644624,2004-12-17
-0.0047660063651022,2004-12-20
0.0137284128617949,2004-12-21
-0.0064712604495298,2004-12-22
0.0060076535798447,2004-12-23
-0.0018436749783266,2004-12-24
0.0041210087812419,2004-12-27
0.0069159225976562,2004-12-28
0.0016833088637522,2004-12-29
0.0013369751977219,2004-12-30
-0.0014516562888466,2004-12-31
-0.0168084142230657,2005-01-03
-0.0345693904375643,2005-01-04
-0.0062979618746812,2005-01-05
-0.0132495466470352,2005-01-06
0.0154745116620897,2005-01-07
-0.0185571915113751,2005-01-10
0.003205789601786,2005-01-11
0.0057283299029062,2005-01-12
0.0120043618531155,2005-01-13
0.0047456352888382,2005-01-14
-0.0165460195787794,2005-01-17
-0.0175298703384356,2005-01-18
0.0075269172563618,2005-01-19
-0.0276118709236996,2005-01-20
0.0087712462483811,2005-01-21
0.0158283877734835,2005-01-24
0.0136268731511108,2005-01-26
-0.0205938085220207,2005-01-27
-0.0025834424135684,2005-01-28
0.0158533091123391,2005-01-31
-0.00832994507339,2005-02-01
0.0187067029441845,2005-02-02
0.0108734069136069,2005-02-03
0.0339122723172042,2005-02-04
0.0223657633948928,2005-02-09
0.003868770234126,2005-02-10
0.0096069456263041,2005-02-11
-0.0052252811407669,2005-02-14
0.0029355333262888,2005-02-15
-0.0085293191723554,2005-02-16
0.0264438035888581,2005-02-17
-0.0124428221499393,2005-02-18
0.0036187993007494,2005-02-21
-0.0042169748831142,2005-02-22
0.0169828695129705,2005-02-23
0.0445125068804692,2005-02-24
-0.0003869084306362,2005-02-25
-0.010112525184498,2005-02-28
-0.0146416548244161,2005-03-01
0.0168071183163807,2005-03-02
0.0164595401876059,2005-03-03
0.0182844461384483,2005-03-04
0.0087977107035293,2005-03-07
-0.0148439691175088,2005-03-08
-0.0176245111243726,2005-03-09
0.0018570107472122,2005-03-10
-0.0173727048544751,2005-03-11
0.000854487893342,2005-03-14
-0.0183530929488036,2005-03-15
0.008625876817204,2005-03-16
0.0092644591597395,2005-03-17
-0.0177091141790892,2005-03-18
-0.0066177246823055,2005-03-21
-0.0293567140202295,2005-03-22
-0.0139978830055635,2005-03-23
0.0171486733091033,2005-03-24
-0.0168058488128401,2005-03-28
-0.0159315448550341,2005-03-29
0.0240109409389805,2005-03-30
0.0053126479016789,2005-03-31
0.0061066032230172,2005-04-01
-0.0138021408427349,2005-04-04
-0.0140721170457656,2005-04-05
-0.0132605890310131,2005-04-06
0.0235766549949119,2005-04-07
-0.0162094250852398,2005-04-08
0.0005793183516278,2005-04-11
0.0117454234769009,2005-04-12
-0.0053566090738659,2005-04-13
-0.0423961631277496,2005-04-14
-0.0132153414030184,2005-04-15
0.0089234032448786,2005-04-18
0.0273196619231921,2005-04-19
-0.0199105890027375,2005-04-20
-0.011840632827857,2005-04-22
0.0186009083054479,2005-04-25
0.0028889744453586,2005-04-26
-0.0024927308296032,2005-04-27
-0.0322881395330441,2005-04-28
0.0163951403936621,2005-04-29
-0.0056106223993435,2005-05-02
0.0004451549010191,2005-05-03
0.0302075169688347,2005-05-04
-0.0014928307624053,2005-05-05
0.0059970782382272,2005-05-06
-0.0048576113068214,2005-05-09
-0.0279543566934385,2005-05-10
-0.0025878466587307,2005-05-11
-0.023845770970464,2005-05-12
-0.0095826081161121,2005-05-13
0.0203877280868383,2005-05-16
0.0013936713192013,2005-05-17
0.0196717016557332,2005-05-18
-0.0027751541127969,2005-05-19
-0.0124416510366032,2005-05-20
-0.0125983979550028,2005-05-23
0.0135358916548238,2005-05-24
-0.002733412549869,2005-05-25
0.0312494009598687,2005-05-27
0.0066694538743448,2005-05-30
-0.0085718760723096,2005-05-31
0.0290113395018583,2005-06-01
0.0262807724482794,2005-06-02
-0.0103385443364096,2005-06-03
-0.0312031785956818,2005-06-06
-0.0209568382972342,2005-06-07
-0.0130310724270401,2005-06-08
-0.0088643690269982,2005-06-09
0.0188940585658361,2005-06-10
-0.0019657800244399,2005-06-13
0.0332534687198062,2005-06-14
-0.0102685138483682,2005-06-15
0.0105403849054859,2005-06-16
0.0131936178159399,2005-06-17
-0.0018028735775725,2005-06-20
-0.0125175487016164,2005-06-21
-0.0017120626750042,2005-06-22
-0.0341459877347087,2005-06-23
0.0040616950054417,2005-06-24
0.012324907225377,2005-06-27
0.001386495755618,2005-06-28
-0.0053585378383935,2005-06-29
-0.0029894196884594,2005-06-30
0.0103253369578339,2005-07-01
-0.0105648770420199,2005-07-04
-0.0148836214900356,2005-07-05
-0.0064238308395694,2005-07-06
-0.0027365385590947,2005-07-07
-0.001104904660929,2005-07-08
0.0239903088955895,2005-07-11
0.0205736011118577,2005-07-12
0.0124534610712867,2005-07-13
0.0024721891453882,2005-07-14
-0.0272982419503904,2005-07-15
0.0039174614331809,2005-07-18
-0.0019765977339858,2005-07-19
0.0170280322745899,2005-07-20
0.0053155497925612,2005-07-21
-0.0176062947741577,2005-07-22
-0.0344571566779219,2005-07-25
0.0136442125591411,2005-07-26
0.0187234087727699,2005-07-27
0.0284032632902739,2005-07-28
-0.0009978891635977,2005-07-29
0.0097822713581905,2005-08-01
0.0184984648341508,2005-08-02
-0.0028035829439652,2005-08-03
-0.0091757563159031,2005-08-04
0.0018117314535164,2005-08-05
0.0072517178898774,2005-08-08
0.0214815119256304,2005-08-09
-0.00639614002365,2005-08-10
-0.0180097891031412,2005-08-11
0.0118693540367527,2005-08-12
0.0156097857186701,2005-08-15
-0.0108347400925907,2005-08-16
0.0123313365282324,2005-08-17
-0.0190004979645141,2005-08-18
-0.0095623020568602,2005-08-19
0.0228931248303858,2005-08-22
-0.0182126077951956,2005-08-23
-0.0021315989447696,2005-08-24
0.0255031007895638,2005-08-25
-0.0112667944128403,2005-08-26
0.010646209217608,2005-08-29
0.0079652715226696,2005-08-30
0.015849673201945,2005-08-31
-0.0029639173946662,2005-09-01
0.0126865119019843,2005-09-02
0.007142761846957,2005-09-05
0.0116075688483547,2005-09-06
-0.0009361511007348,2005-09-08
0.0165133792355227,2005-09-09
-0.0076035575421986,2005-09-12
-0.007350056381691,2005-09-13
0.0061115809240916,2005-09-14
0.0108190592428254,2005-09-15
0.0152076196362127,2005-09-16
0.008682349338823,2005-09-19
-0.0005653945440382,2005-09-20
0.025553150727152,2005-09-21
-0.0051694823729775,2005-09-22
0.0198806005539484,2005-09-23
-0.004901106951733,2005-09-26
-0.008578483979992,2005-09-27
0.0142142861461298,2005-09-28
-0.0034545663374032,2005-09-29
0.0119441484942033,2005-09-30
0.0085750840707703,2005-10-03
-0.0181189625824753,2005-10-04
-0.0364576243989649,2005-10-05
-0.0315562207643527,2005-10-06
0.0252040368429433,2005-10-07
0.0100913719447497,2005-10-10
0.0110690723057746,2005-10-11
-0.0242680604048981,2005-10-13
-0.0036881852369319,2005-10-14
0.0157305116627917,2005-10-17
-0.0395937739360885,2005-10-18
0.0078472089480143,2005-10-19
-0.0330697541392321,2005-10-20
0.0289310859432081,2005-10-21
0.0223357474676664,2005-10-24
-0.0113597365367343,2005-10-25
0.0078341725726946,2005-10-26
-0.0202850847296787,2005-10-27
0.0063301095875125,2005-10-28
0.0294415672777041,2005-10-31
0.0231129547581563,2005-11-01
0.006451635281488,2005-11-03
-0.0068400602232525,2005-11-04
0.0020698584362754,2005-11-07
0.0006136653778501,2005-11-08
-0.0098967337618631,2005-11-09
0.0019221064379006,2005-11-10
-0.0069893811216754,2005-11-11
-0.0096164087017687,2005-11-14
0.0086654798350025,2005-11-16
0.0196533799016211,2005-11-17
0.0004824004338672,2005-11-18
0.0002571851103994,2005-11-21
0.0121089675860996,2005-11-22
0.0143147859918997,2005-11-23
6.260956676307217e-05,2005-11-24
-0.0007829014727001,2005-11-25
-0.0177633546433479,2005-11-28
0.0093319198086874,2005-11-29
0.0083374454553926,2005-11-30
0.0216948416434821,2005-12-01
0.0065700247024835,2005-12-02
-0.0039979910729321,2005-12-05
0.0158367486762891,2005-12-06
-0.0141257274516224,2005-12-07
-0.0084921644065616,2005-12-08
0.0135166120114149,2005-12-09
0.0014872599223618,2005-12-12
0.0135261359399923,2005-12-13
0.006234266787489,2005-12-14
-0.0130497796363755,2005-12-15
0.0029781175654886,2005-12-16
-0.0086580627431143,2005-12-19
0.0018767410763338,2005-12-20
0.0135169665848735,2005-12-21
-0.0001193495451214,2005-12-22
-0.0054455283869536,2005-12-23
-0.0009905597472066,2005-12-26
0.0021899242278795,2005-12-27
-0.007006599203434,2005-12-28
0.0095504825391721,2005-12-29
0.0015232295405205,2006-01-02
0.0303926520124147,2006-01-03
0.0132581784747518,2006-01-04
-0.001887386530706,2006-01-05
0.0153104068628469,2006-01-06
-0.0038976494013489,2006-01-09
-0.0081834912416365,2006-01-10
0.0254376330398535,2006-01-11
-0.0048235863275927,2006-01-12
0.0032925974274533,2006-01-13
0.0175896073116579,2006-01-16
-0.0114242911817594,2006-01-17
-0.0087314942138299,2006-01-18
0.0289851429509422,2006-01-19
-0.0044321854128188,2006-01-20
-0.0017183306422321,2006-01-23
0.0207485290656919,2006-01-24
-0.0132152806743448,2006-01-25
0.0294990891825044,2006-01-26
-0.005063569023564,2006-01-27
0.0110434441656863,2006-01-30
0.0036802651653129,2006-01-31
0.0026539017502003,2006-02-01
-0.0311679954802617,2006-02-02
-0.0011265189078581,2006-02-03
0.0015821303060246,2006-02-06
-0.0205467212192935,2006-02-07
-0.001724586732033,2006-02-08
0.0104387642000673,2006-02-09
0.0025183814439362,2006-02-10
-0.023561406803175,2006-02-13
0.0141050715611399,2006-02-14
0.0165709258470929,2006-02-15
0.0269438115140481,2006-02-16
0.0043298014902823,2006-02-17
0.0030405033753559,2006-02-20
-0.0097256486568859,2006-02-21
0.0020939127160612,2006-02-22
0.0041486798098624,2006-02-23
0.005323650825499,2006-02-24
-0.0049244769365834,2006-02-27
0.002266194176915,2006-02-28
0.0172623372447322,2006-03-01
-0.0013281571220886,2006-03-02
0.0029094270580429,2006-03-03
-0.0228378098458392,2006-03-06
-0.0245733361873714,2006-03-07
-0.0035871116737755,2006-03-08
-0.0265501118360109,2006-03-09
0.0158193537042539,2006-03-10
-0.0026600091684603,2006-03-13
0.0201260593661434,2006-03-14
0.0185530161670968,2006-03-15
-0.0022774580857412,2006-03-16
-0.002834424384055,2006-03-17
0.0040654194190885,2006-03-20
-0.0213229951177229,2006-03-21
0.0120401725589456,2006-03-22
-0.0100100404373932,2006-03-23
0.0027448019257914,2006-03-24
0.0017017207435596,2006-03-27
-0.0258077103168314,2006-03-28
0.0218414053553992,2006-03-29
0.0075728749425127,2006-03-30
0.0046217515485071,2006-03-31
0.0199565766925946,2006-04-03
0.0021930116246569,2006-04-04
0.0064479062261941,2006-04-05
0.0059230687090803,2006-04-06
-0.0091803588074022,2006-04-07
-0.0116537280954407,2006-04-10
-0.0150311827603708,2006-04-11
0.0137828405525368,2006-04-12
-0.0090186079647214,2006-04-13
0.0014344694923558,2006-04-14
0.0084945418439126,2006-04-17
0.0284510565723206,2006-04-18
0.009206454160223,2006-04-19
-0.0040896773973493,2006-04-20
-0.0003352751382976,2006-04-21
-0.0002683010689459,2006-04-24
-0.0003270892857099,2006-04-25
0.0167693703594853,2006-04-26
-0.0164422810737754,2006-04-27
0.0152785257272007,2006-04-28
-0.0046769091884613,2006-05-01
0.0207500003583192,2006-05-02
-0.0023676738302391,2006-05-03
0.0013675883737427,2006-05-04
0.0107048951088106,2006-05-05
0.0023633831480136,2006-05-08
0.0111146855276924,2006-05-09
-0.0054221389005739,2006-05-10
-0.0219139751443897,2006-05-11
-0.0153944078775527,2006-05-12
-0.0239526383221253,2006-05-15
0.0036854922446174,2006-05-16
-0.0289569436139895,2006-05-17
-0.0127206109616047,2006-05-18
-0.001959227526374,2006-05-19
-0.0333049777099976,2006-05-22
-0.0106602301403295,2006-05-23
-0.0088454305415925,2006-05-24
0.0484548375022324,2006-05-25
0.0246348310571384,2006-05-26
-0.0094193857649518,2006-05-29
-0.0464688338026846,2006-05-30
0.0032079870676842,2006-05-31
0.0327986533518949,2006-06-01
0.0051261837712672,2006-06-02
-0.032192598143375,2006-06-05
-0.004966039292567,2006-06-06
-0.0360374269639631,2006-06-07
0.0049220772054283,2006-06-08
-0.0102960647473526,2006-06-09
-0.0443027423783224,2006-06-12
-0.021295023333625,2006-06-13
0.0028272222391958,2006-06-14
0.0052582034386539,2006-06-15
0.0380512082349504,2006-06-16
-0.0147009792941581,2006-06-19
-0.0078485202006781,2006-06-20
0.026842721068963,2006-06-21
-0.0066798575518571,2006-06-22
0.0099742773618611,2006-06-23
-0.0008659008795959,2006-06-26
-0.0073905882212184,2006-06-27
0.0132639820093896,2006-06-28
0.0463334042812029,2006-06-29
0.0039388436820981,2006-06-30
0.0196254339051904,2006-07-03
0.0002676516262418,2006-07-04
-0.0268237656591683,2006-07-05
0.0042517653989406,2006-07-06
-0.0118676962503183,2006-07-07
0.0010796894865556,2006-07-10
0.0113626643794244,2006-07-11
-0.008903114425264,2006-07-12
-0.0244759647932948,2006-07-13
-0.0001131477711098,2006-07-14
-0.0137862500215586,2006-07-17
0.0075433239567122,2006-07-18
0.0460346871064913,2006-07-19
-0.0258302718485001,2006-07-20
-0.0094455345807293,2006-07-21
0.0199075356257196,2006-07-24
0.0125370272494453,2006-07-25
-0.0023746172877885,2006-07-26
0.0080020023620299,2006-07-27
0.0132762590391202,2006-07-28
-0.0081657226678153,2006-07-31
-0.00643976466527,2006-08-01
0.012114492460002,2006-08-02
0.0043618528059816,2006-08-03
0.0105447264524247,2006-08-04
-0.0039710956799829,2006-08-07
-0.0026029922530153,2006-08-08
-0.0092178863901573,2006-08-09
0.0026538368857238,2006-08-10
-0.0110367482792756,2006-08-11
-0.010530566285821,2006-08-14
0.0200133959670818,2006-08-15
0.0101902874497827,2006-08-16
-0.003163339825706,2006-08-17
-0.0001863908088086,2006-08-18
-0.0104668148684954,2006-08-21
-0.0130827039655301,2006-08-22
-0.0323064527429082,2006-08-23
0.0079934234809151,2006-08-24
0.0044874996914536,2006-08-25
0.0115301347875522,2006-08-28
-0.0019537974541705,2006-08-29
0.000247875843014,2006-08-30
-0.0022330976265863,2006-08-31
0.0298277982076911,2006-09-01
0.0097038963597917,2006-09-04
-0.0086596776215888,2006-09-05
-0.0177655256910647,2006-09-06
0.0147906491252634,2006-09-07
-0.0189398061395937,2006-09-08
-0.021734576010477,2006-09-11
0.010428493125314,2006-09-12
0.0110872285865379,2006-09-13
-0.0108935936431251,2006-09-14
0.0004424534113454,2006-09-15
0.0086163527029654,2006-09-18
-0.0164991513764984,2006-09-19
-0.0193863955911997,2006-09-20
-0.0104817673213641,2006-09-21
-0.0008904336425423,2006-09-22
0.0049876844784826,2006-09-25
0.0239021436644168,2006-09-26
0.0079805776361983,2006-09-27
0.0104695688515619,2006-09-28
-0.0010146021299526,2006-09-29
0.016570229624147,2006-10-02
-0.0168720667167292,2006-10-03
0.035346799134448,2006-10-04
0.0060217280448604,2006-10-05
-0.000974748815933,2006-10-06
0.0122077328810537,2006-10-09
0.0064624353845168,2006-10-10
-0.0086519889649316,2006-10-11
0.0036205970551463,2006-10-12
0.0100633359510027,2006-10-13
0.0097081923870163,2006-10-16
-0.0084734337797591,2006-10-17
-0.0054650579410076,2006-10-18
0.0060304798378982,2006-10-19
-0.0071426112357428,2006-10-20
0.0149996391275735,2006-10-23
0.0069100699212789,2006-10-24
0.0016189829242669,2006-10-25
0.0020704986691821,2006-10-26
-0.0080281033407381,2006-10-27
-0.0109424827592246,2006-10-30
0.0092883489571136,2006-10-31
0.0168453214936157,2006-11-01
-0.0142677601001217,2006-11-02
0.0268355855727779,2006-11-03
0.0198826363154207,2006-11-06
-0.0048362692235421,2006-11-07
0.0069432921994501,2006-11-08
-0.0126357449357943,2006-11-09
-0.002330288661053,2006-11-10
-0.0028035333022167,2006-11-13
0.0167287196038845,2006-11-14
-0.0101911710061877,2006-11-15
0.0070621131125214,2006-11-16
-0.0032363669036179,2006-11-17
0.0016194927100805,2006-11-20
0.0114801268078146,2006-11-21
0.0082172880719131,2006-11-22
0.0037388562659703,2006-11-23
-0.0074438478952458,2006-11-24
-0.020394305727839,2006-11-27
0.0031235536267431,2006-11-28
0.0223347797394115,2006-11-29
-0.0009058187551733,2006-11-30
-0.014533219200123,2006-12-01
0.031605016785198,2006-12-04
0.011723572994235,2006-12-05
-0.0014144437914023,2006-12-06
-0.0043485912373615,2006-12-07
0.0016067627194971,2006-12-08
0.0073949916831583,2006-12-11
-0.0064647157892867,2006-12-12
0.0061875219134961,2006-12-13
0.0107997373200579,2006-12-14
-0.0036404889607286,2006-12-15
-0.0019975897808439,2006-12-18
0.0018599530040788,2006-12-19
-0.0020208522010793,2006-12-20
-0.0026931548037687,2006-12-21
-0.0006686572919498,2006-12-22
0.0056808533738195,2006-12-26
0.0209473328887295,2006-12-27
-0.0011685394588116,2006-12-28
0.020232836827196,2007-01-02
-0.0208851158907972,2007-01-03
-0.0096083935953235,2007-01-04
-0.0411580724935074,2007-01-05
0.0137527880224723,2007-01-08
-0.0194025205645917,2007-01-09
0.0078015168698559,2007-01-10
0.0078583092673643,2007-01-11
0.0099108838994528,2007-01-12
-0.0040923627695246,2007-01-15
-0.0068971434119138,2007-01-16
0.0026007817000586,2007-01-17
-0.0060319617719262,2007-01-18
0.0221180995235492,2007-01-19
0.0028741928938949,2007-01-22
0.0142257043939153,2007-01-23
0.0114783399230269,2007-01-24
-0.0061729283884233,2007-01-26
-0.0190720107164974,2007-01-29
0.0107514417758238,2007-01-30
0.0134859856854756,2007-01-31
0.0038677848725043,2007-02-01
0.0040751395288669,2007-02-02
0.0063798896121376,2007-02-05
0.0014563430716734,2007-02-06
-0.0169895124946268,2007-02-07
0.0067948406266324,2007-02-08
-0.0136361671567879,2007-02-09
-0.0079121690494137,2007-02-12
0.0283194440062644,2007-02-13
0.0175237232323475,2007-02-14
-0.0008917793763458,2007-02-15
-0.0023092685962637,2007-02-16
0.0052426185186078,2007-02-21
0.0078235146510934,2007-02-22
-0.0094303592849289,2007-02-23
0.0041421396633651,2007-02-26
-0.0685647658016765,2007-02-27
0.0171655351682815,2007-02-28
-0.0085804047804387,2007-03-01
-0.0267111017096457,2007-03-02
-0.0285121469665075,2007-03-05
0.0483286574633208,2007-03-06
-0.0128312874142899,2007-03-07
0.0185532355625195,2007-03-08
0.0152287786526734,2007-03-09
0.0026249703923397,2007-03-12
-0.034486969032212,2007-03-13
0.0125296570441229,2007-03-14
-0.0002310375908436,2007-03-15
-0.0127431730936571,2007-03-16
0.0227442910438941,2007-03-19
0.0144897157158787,2007-03-20
0.0284520536899961,2007-03-21
-0.004546710375088,2007-03-22
0.0023967380669525,2007-03-23
0.0024567342194767,2007-03-26
-0.0096421299129172,2007-03-27
-0.0161223681475313,2007-03-28
0.0193908501103123,2007-03-29
0.0098728314002638,2007-03-30
-0.0045513305847375,2007-04-02
0.0150408233513452,2007-04-03
0.0057301809060881,2007-04-04
0.0019956874039213,2007-04-05
0.0044491100319987,2007-04-09
0.006785166785896,2007-04-10
-0.0049940069578102,2007-04-11
0.0086545732484673,2007-04-12
0.0121546949980366,2007-04-13
0.0205485974968731,2007-04-16
-0.0033989958601683,2007-04-17
-0.0009234084686315,2007-04-18
0.0010669731806718,2007-04-19
0.0131610334031879,2007-04-20
-0.0049913870495199,2007-04-23
-0.0018527384082922,2007-04-24
0.0122536901412875,2007-04-25
-0.0123148279152793,2007-04-26
0.0032961025996023,2007-04-27
-0.0055812582500163,2007-04-30
0.0104849174448649,2007-05-02
0.0149666752004478,2007-05-03
0.0075385216551548,2007-05-04
-0.0062648896421926,2007-05-07
-7.95544948708482e-05,2007-05-08
0.0201231464932281,2007-05-09
-0.0209787572624478,2007-05-10
0.0131902206011051,2007-05-11
-0.0077110811716103,2007-05-14
0.0001385740730128,2007-05-15
0.0238628127814575,2007-05-16
-0.0020702539100962,2007-05-17
0.0086203274170184,2007-05-18
0.0066028316173785,2007-05-21
-0.0041096864715779,2007-05-22
-0.0075946568210731,2007-05-23
-0.0250540736982678,2007-05-24
0.021283439535642,2007-05-25
0.0096783033893785,2007-05-28
-0.007839551673701,2007-05-29
0.0156371601762934,2007-05-30
-0.0049620316323366,2007-05-31
0.0218570357201155,2007-06-01
-0.0033750242975596,2007-06-04
-0.0015224851397253,2007-06-05
-0.0211582728291812,2007-06-06
0.0053842378035664,2007-06-08
0.0085056693636129,2007-06-11
-0.0187432572173484,2007-06-12
0.0228464670661132,2007-06-13
0.0134763582813999,2007-06-14
0.0148942068893411,2007-06-15
0.0038627403885929,2007-06-18
-0.001572586130587,2007-06-19
-0.01131847957671,2007-06-20
0.0115563548031278,2007-06-21
-0.0071609868640507,2007-06-22
-0.0041547853579473,2007-06-25
-0.003521978912671,2007-06-26
0.0053891514290711,2007-06-27
7.387570416028666e-05,2007-06-28
0.0045145139739375,2007-06-29
0.0178389067691053,2007-07-02
0.005924155939974,2007-07-03
-7.181586415505592e-05,2007-07-04
0.0042283361095218,2007-07-05
0.0091123290169097,2007-07-06
-0.0099887767768116,2007-07-10
0.0084284927723281,2007-07-11
0.0220595244900998,2007-07-12
0.0005379282949853,2007-07-13
-0.0046949259411963,2007-07-16
0.0049724531753359,2007-07-17
-0.0018053053090838,2007-07-18
0.0098374770063482,2007-07-19
-0.0118027121191506,2007-07-20
0.0102875864010254,2007-07-23
-0.0393964785517297,2007-07-24
0.0036852880809039,2007-07-25
-0.0383689483673421,2007-07-26
-0.0181814679236698,2007-07-27
0.0307201235206324,2007-07-30
-0.0071720488385533,2007-07-31
0.0009408119346936,2007-08-01
0.008391144025591,2007-08-02
-0.0343171385214962,2007-08-03
0.0046253988087325,2007-08-06
0.013303218840809,2007-08-07
0.0263947900033123,2007-08-08
-0.0333143293296309,2007-08-09
-0.0149528094973447,2007-08-10
-0.0038830565008396,2007-08-13
-0.0294565837180869,2007-08-14
-0.032478877037974,2007-08-15
-0.0260854864193902,2007-08-16
0.0112452647604648,2007-08-17
0.0132360138238531,2007-08-20
0.0123005762144892,2007-08-21
0.0380116656233173,2007-08-22
0.0019885520052778,2007-08-23
0.0219378158656358,2007-08-24
0.0015083527879546,2007-08-27
-0.0273691443204082,2007-08-28
0.020885986269981,2007-08-29
0.0023297009391143,2007-08-30
0.0331022362558925,2007-08-31
0.0035808935679,2007-09-03
0.0075761379063781,2007-09-04
-0.015357138524525,2007-09-05
0.0029547540698526,2007-09-06
-0.0357427389295281,2007-09-10
0.0237967954124798,2007-09-11
-0.0007049831467078,2007-09-12
0.0188440281099797,2007-09-13
-0.0043256530822066,2007-09-14
-0.0060543978283504,2007-09-17
0.041895377128208,2007-09-18
0.010497770416606,2007-09-19
-0.0062713702959946,2007-09-20
0.015570690762928,2007-09-21
0.0157918796978915,2007-09-24
0.0023644091064731,2007-09-25
0.0144554818254221,2007-09-26
0.0221427149324853,2007-09-27
-0.0096612748156381,2007-09-28
0.0305385891019529,2007-10-01
-0.005194733329894,2007-10-02
-0.031415338541672,2007-10-03
0.0051117897976844,2007-10-04
0.0311613629553484,2007-10-05
0.0054728893206323,2007-10-08
0.0140720173291395,2007-10-09
-0.0055544301987069,2007-10-10
-0.0117945228537337,2007-10-11
0.0081802329785105,2007-10-15
-0.0200669192335727,2007-10-16
0.023633737374249,2007-10-17
0.0010596655928107,2007-10-18
-0.0381343778352505,2007-10-19
0.0052576098311423,2007-10-22
0.0239213420783457,2007-10-23
-0.0011490401991949,2007-10-24
-0.0045452441293676,2007-10-25
0.030566995903845,2007-10-26
0.0118776527839692,2007-10-29
-0.010214340856022,2007-10-30
0.0144180260324837,2007-10-31
-0.019603620797195,2007-11-01
-0.0171644242335951,2007-11-05
0.0242121302388547,2007-11-06
-0.0156560805418592,2007-11-07
0.0009601536983439,2007-11-08
0.0118703645090487,2007-11-09
-0.0444100691538302,2007-11-12
0.0224992215262638,2007-11-13
0.0267188474598345,2007-11-14
-0.0003404518757736,2007-11-16
-0.0358146119499593,2007-11-19
-0.0285412887698317,2007-11-21
0.0011712790550095,2007-11-22
0.0052292429889124,2007-11-23
-0.0316920891855243,2007-11-26
0.006126549740868,2007-11-27
0.0376942113463876,2007-11-28
0.007120340728596,2007-11-29
0.0135826060274233,2007-11-30
0.0030743412009002,2007-12-03
0.0044520999952304,2007-12-04
0.0225225624953626,2007-12-05
0.0132040872173853,2007-12-06
-0.002313019367989,2007-12-07
-0.0029446563597446,2007-12-10
-0.0143741221242077,2007-12-11
0.0035588878140533,2007-12-12
-0.0294842012122167,2007-12-13
-0.0066397702956368,2007-12-14
-0.0428123905179678,2007-12-17
0.0209726187890026,2007-12-18
0.0101940337908636,2007-12-19
-9.721479616864316e-05,2007-12-20
0.0221458567429913,2007-12-21
0.0186839153087543,2007-12-26
-0.0080274048530242,2007-12-27
0.0017546612679897,2007-12-28
-0.0169063465911083,2008-01-02
0.0012250711516479,2008-01-03
-0.0299387319392412,2008-01-04
-0.0043510810872682,2008-01-07
0.0213108274111295,2008-01-08
0.00950670459933,2008-01-09
0.0133294098834451,2008-01-10
-0.0250776351394179,2008-01-11
0.0039635917514875,2008-01-14
-0.0373686953581291,2008-01-15
-0.0190427378090127,2008-01-16
-0.0300504418678659,2008-01-17
0.0081891101330491,2008-01-18
-0.06830870494829,2008-01-21
0.0435017499256868,2008-01-22
-0.0337558786707514,2008-01-23
0.0578148059292615,2008-01-24
0.019491039840906,2008-01-28
0.0158480849029505,2008-01-29
0.0126692786998674,2008-01-30
-0.0133414346653513,2008-01-31
0.0263762491506174,2008-02-01
-0.0351725982569437,2008-02-06
-6.783455155456863e-05,2008-02-07
0.0018807030221292,2008-02-08
0.0261794618418527,2008-02-11
0.0189800549338698,2008-02-12
0.0126372304623227,2008-02-13
-0.0124107372237958,2008-02-14
-0.0088877919710199,2008-02-15
0.0246480283069594,2008-02-18
-0.0080577263733889,2008-02-19
0.0230088535668411,2008-02-20
0.0007056665312941,2008-02-21
0.0127259293310313,2008-02-22
0.0060489344226493,2008-02-25
0.0027960443460166,2008-02-26
0.0047751051109159,2008-02-27
0.0009156811017536,2008-02-28
-0.0320228224049401,2008-02-29
0.0156435104758596,2008-03-03
-0.0130165869470513,2008-03-04
0.0151696403891659,2008-03-05
-0.0259254042257257,2008-03-06
-0.0177347390627815,2008-03-07
-0.030675187759348,2008-03-10
0.0387244279086065,2008-03-11
-0.0030671668832358,2008-03-12
0.0016551905238824,2008-03-13
-0.0046511337479486,2008-03-14
-0.0324446709930814,2008-03-17
0.0315086133410531,2008-03-18
-0.0514522223803304,2008-03-19
0.0027161474589778,2008-03-20
0.0139059479904002,2008-03-24
0.0234795621751118,2008-03-25
0.0029515141810776,2008-03-26
-0.0106895114128544,2008-03-27
-0.0051149318703291,2008-03-28
0.0084994746559416,2008-03-31
0.0292077686798322,2008-04-01
0.0093389717829559,2008-04-02
0.0127178499306008,2008-04-03
0.0042139370867602,2008-04-04
-0.0041983548162676,2008-04-07
0.0056558775961175,2008-04-08
-0.0166075510615542,2008-04-09
0.0007873768162145,2008-04-10
-0.0149393795984877,2008-04-11
-0.0069265456744851,2008-04-14
0.0074536896049686,2008-04-15
0.0242024907942575,2008-04-16
0.0062158330414767,2008-04-17
0.0057308517533893,2008-04-18
0.0075190631684858,2008-04-22
-0.0071340657432124,2008-04-23
-0.0057441249937237,2008-04-24
0.0094172378182637,2008-04-25
0.0075039514612189,2008-04-28
-0.0286033831640644,2008-04-29
0.0614040113341314,2008-04-30
0.021832191740545,2008-05-02
0.0115952883267063,2008-05-05
0.0002849611759696,2008-05-06
-0.0169097432819871,2008-05-07
0.0101485662717166,2008-05-08
-0.0010906378441752,2008-05-09
0.0109952414992662,2008-05-12
0.0012347520356161,2008-05-13
-0.0067743801379105,2008-05-14
0.0207046733616902,2008-05-15
0.0176770004012034,2008-05-16
0.0091925739324594,2008-05-19
0.0010615423300137,2008-05-20
-0.0167617015117187,2008-05-21
-0.0117290748934504,2008-05-23
0.0024741243112504,2008-05-26
-0.0089328252613363,2008-05-27
0.0299859436085849,2008-05-28
-0.0186965177321241,2008-05-29
0.0110118779363688,2008-05-30
-0.0096339592104026,2008-06-02
-0.0265678833103901,2008-06-03
-0.0193105470506118,2008-06-04
0.0366281617912171,2008-06-05
-0.020550854084238,2008-06-06
-0.007262718254811,2008-06-09
-0.021977302945416,2008-06-10
-0.0145651679429548,2008-06-11
0.0078588502927683,2008-06-12
-0.0017543081673867,2008-06-13
0.0012045596263483,2008-06-16
0.0169908967266998,2008-06-17
-0.0198932243454077,2008-06-18
-0.0074805854522654,2008-06-19
-0.0301233105477329,2008-06-20
0.0004023086380406,2008-06-23
-0.0073287701482165,2008-06-24
0.0259203411734887,2008-06-25
-0.029370369963372,2008-06-26
0.005831556738796,2008-06-27
0.0107779826229066,2008-06-30
-0.0252633866662641,2008-07-01
-0.0367907069412325,2008-07-02
-0.0304561706842552,2008-07-03
0.0015509367730643,2008-07-04
-0.0046769690075478,2008-07-07
0.0075533134940588,2008-07-08
0.0119711920580112,2008-07-10
-0.0017441720022031,2008-07-11
0.0094814103298954,2008-07-14
0.0048301335938329,2008-07-15
0.0169174676047685,2008-07-16
-0.0318776224429093,2008-07-17
-0.0020150385262276,2008-07-18
0.0129846143620859,2008-07-21
-0.018685302680387,2008-07-22
-0.0037961546578966,2008-07-23
-0.0340112367837743,2008-07-24
-0.0041000467440124,2008-07-25
-0.005786038514767,2008-07-28
0.0204337379701975,2008-07-29
0.0331271131623189,2008-07-30
-0.0082508856987963,2008-07-31
-0.0320170771858272,2008-08-01
-0.0356982067880586,2008-08-04
0.0153821733852321,2008-08-05
0.0187878839025117,2008-08-06
-0.0091481084910274,2008-08-07
-0.0076407477235438,2008-08-08
-0.0334969864193936,2008-08-11
-0.0039735272885064,2008-08-12
0.0012835089224001,2008-08-13
0.0102998786802466,2008-08-14
-0.0163467464027373,2008-08-15
-0.0170496177113204,2008-08-18
0.0058336459214434,2008-08-19
0.031887929658751,2008-08-20
0.0100259572043217,2008-08-21
-0.0015207767836855,2008-08-22
-0.0248909312694394,2008-08-25
-0.0021684010113549,2008-08-26
0.0211151112745469,2008-08-27
0.0154246541200215,2008-08-28
-0.0125289426028185,2008-08-29
-0.0093467056002882,2008-09-01
-0.0138366298553691,2008-09-02
-0.0162514810758871,2008-09-03
-0.0403729450849752,2008-09-04
0.0102759518249584,2008-09-05
-0.0238083290597579,2008-09-08
-0.0460581842964966,2008-09-09
0.0244332422042301,2008-09-10
0.0324498507130304,2008-09-11
0.0216672088214853,2008-09-12
-0.0789426570111491,2008-09-15
0.0166525431404682,2008-09-16
-0.0698217044694047,2008-09-17
0.0533137311822429,2008-09-18
0.0913542038663024,2008-09-19
-0.0289515038836611,2008-09-22
-0.038527912702909,2008-09-23
0.0050283705450837,2008-09-24
0.0390524784824961,2008-09-25
-0.0203688908577763,2008-09-26
-0.0983117459475746,2008-09-29
0.0735507026047912,2008-09-30
0.005194293941706,2008-10-01
-0.0762062907901697,2008-10-02
-0.0359174740254406,2008-10-03
-0.0557996453167408,2008-10-06
-0.0476981500071662,2008-10-07
-0.0392765193940292,2008-10-08
-0.0400190832765083,2008-10-09
-0.0404512434079684,2008-10-10
0.1367661159466209,2008-10-13
0.0179620839294152,2008-10-14
-0.1209605146907293,2008-10-15
-0.0106722268473067,2008-10-16
-0.0011806538898415,2008-10-17
0.0802645826447321,2008-10-20
-0.0101422815277594,2008-10-21
-0.1073175387027305,2008-10-22
-0.0363528590358495,2008-10-23
-0.0715772511836085,2008-10-24
-0.0672315114524035,2008-10-27
0.1259821601791717,2008-10-28
0.0427430522310849,2008-10-29
0.0720703524465413,2008-10-30
-0.0051401607030179,2008-10-31
0.0262775695059342,2008-11-03
0.0511168036120039,2008-11-04
-0.063295556100817,2008-11-05
-0.0384143903540454,2008-11-06
0.0082983482486813,2008-11-07
0.0030228369581646,2008-11-10
0.0131285820942341,2008-11-11
-0.0806735759436652,2008-11-12
0.046024010450397,2008-11-13
-0.0056838914828869,2008-11-14
-0.0020138177029274,2008-11-17
-0.0464760199464624,2008-11-18
-0.0204451565951764,2008-11-19
-0.066654213707018,2008-11-21
0.0898525792348259,2008-11-24
0.0180869253362043,2008-11-25
0.046499124579137,2008-11-26
-0.0070718344334892,2008-11-27
0.0105207744301889,2008-11-28
-0.0520183991566725,2008-12-01
0.0074560868492135,2008-12-02
0.0084213419822258,2008-12-03
-0.0047994412326399,2008-12-04
0.0062149898524541,2008-12-05
0.0798446514532162,2008-12-08
-0.0083144748716783,2008-12-09
0.0269205052794649,2008-12-10
-0.0125125789199085,2008-12-11
0.021954073944931,2008-12-12
-0.0271337468952364,2008-12-15
0.042732485696991,2008-12-16
-0.0011508632743861,2008-12-17
-0.0103419262790094,2008-12-18
-0.0102966575109686,2008-12-19
-0.0394057498212276,2008-12-22
-0.0309918176722927,2008-12-23
0.0107180408316605,2008-12-26
0.0053027557837879,2008-12-29
